{"total_return": 75.77941117101214, "win_rate": 68.75, "max_drawdown": 17.35607281831822, "sharpe_ratio": 2.5141401186948933, "total_trades": 17}